"id","parent_id","name"
1,0,"Olivia"
2,0,"Asher"
3,0,"Amelia"
4,1,"Atticus"
5,1,"Charlotte"
6,3,"Jack"
7,3,"Isla"
8,1,"Ezra"
9,1,"Isabella"
10,3,"Theodore"
11,3,"Ava"
12,3,"Milo"
13,3,"Aurora"
14,2,"Jasper"
15,2,"Evelyn"
16,3,"Oliver"
17,3,"Penelope"
18,3,"Silas"
19,3,"Eleanor"
20,3,"Wyatt"
21,3,"Arabella"
22,2,"Henry"
23,2,"Rose"
24,3,"Matthew"
25,3,"Cora"
26,3,"Leo"
27,3,"Amara"
28,0,"Declan"
29,3,"Ophelia"
30,13,"Oscar"
31,2,"Violet"
32,3,"Xavier"
33,3,"Luna"
34,3,"Finn"
35,2,"Elizabeth"
36,2,"Levi"
99,0,"Hazel"
